real12,pred12,real3,pred3
84.328,94.28716,98.551,94.26184
88.782,94.19301,103.201,93.96731
87.548,93.78573,102.107,93.91445
91.648,94.21708,85.929,94.01998
96.106,94.63629,90.632,94.09362
95.922,94.800255,95.992,94.237236
91.6,94.36275,83.787,94.19366
104.959,94.52528,95.342,93.76264
90.839,95.09478,90.267,93.87319
89.923,95.51381,84.328,94.20839
95.298,95.48915,88.782,94.056435
89.059,95.2435,87.548,93.902954
91.986,95.38066,91.648,93.66007
92.321,95.42463,96.106,93.509964
94.3,95.04277,95.922,93.31026
93.203,94.40657,91.6,93.55667
104.439,93.82259,104.959,93.9955
91.14,93.594345,90.839,94.45438
92.25,93.58331,89.923,94.51079
94.663,93.46587,95.298,95.163185
97.618,93.37306,89.059,94.995415
93.252,92.95003,91.986,94.76379
92.023,93.30059,92.321,94.99981
93.078,93.40958,94.3,94.907486
102.85,93.82704,93.203,95.0039
85.274,94.64834,104.439,94.8509
94.111,95.01923,91.14,94.68914
96.039,95.321815,92.25,94.505005
74.38,95.56268,94.663,94.645035
80.819,95.5484,97.618,94.05675
95.902,95.078995,93.252,93.8093
97.386,94.60348,92.023,93.96972
105.333,94.39263,93.078,94.24194
94.023,94.37867,102.85,94.386566
108.726,94.11125,85.274,94.487404
96.254,94.295586,94.111,94.57496
61.283,94.19959,96.039,94.71561
120.457,94.25867,74.38,94.35563
112.656,94.054955,80.819,94.19133
110.916,93.9621,95.902,94.21346
93.092,93.669876,97.386,94.06615
83.955,93.190025,105.333,93.6859
52.604,93.75355,94.023,93.55684
96.616,93.24884,108.726,94.130005
76.252,93.60795,96.254,94.832466
103.035,93.957825,61.283,94.58439
33.848,93.935,120.457,93.984505
109.362,91.14759,112.656,93.58481
103.463,88.49141,110.916,93.299866
59.415,88.81944,93.092,90.69165
75.179,86.47342,83.955,89.58294
76.055,88.25442,52.604,89.33669
89.908,88.22659,96.616,89.916695
92.669,89.11094,76.252,90.59178
97.527,89.43669,103.035,91.707664
87.387,91.78362,33.848,89.98254
81.663,91.28262,109.362,91.77513
79.578,93.410545,103.463,89.403625
105.458,93.87661,59.415,87.56636
109.62,96.02843,75.179,86.40067
117.057,95.94124,76.055,88.075714
104.403,95.71653,89.908,87.60789
112.201,95.93534,92.669,87.25663
118.36,96.907745,97.527,87.85819
87.683,97.59898,87.387,89.91651
98.666,97.22826,81.663,92.52529
100.531,96.3139,79.578,93.402565
108.331,96.21268,105.458,94.05785
106.944,96.681274,109.62,95.573875
105.313,96.66263,117.057,96.54936
90.355,95.42494,104.403,97.36615
90.845,94.04799,112.201,97.44236
92.731,93.98696,118.36,98.67351
89.267,94.43217,87.683,99.129135
105.736,94.87174,98.666,99.97283
95.182,95.89445,100.531,101.07413
92.206,96.11837,108.331,97.58205
99.097,96.276405,106.944,97.2386
97.728,96.02416,105.313,96.66546
105.008,96.23084,90.355,96.70513
92.309,96.67826,90.845,97.46625
97.42,96.8145,92.731,97.64693
94.578,96.34297,89.267,96.27586
88.986,95.8136,105.736,95.75487
94.395,95.38327,95.182,94.98428
100.301,95.699524,92.206,95.1877
93.395,95.58666,99.097,94.860535
99.721,95.43688,97.728,95.085304
97.025,94.70819,105.008,94.25452
91.316,94.70729,92.309,94.20815
100.753,94.95676,97.42,94.435745
101.85,95.12897,94.578,94.67111
105.432,94.81253,88.986,94.507484
95.755,94.87537,94.395,94.526474
95.797,95.13311,100.301,94.645645
88.108,95.20366,93.395,94.63011
92.481,95.18912,99.721,94.647736
100.253,94.89858,97.025,94.579414
95.211,95.00208,91.316,94.55298
99.365,94.80092,100.753,94.33886
100.236,94.87277,101.85,94.131485
98.352,94.76602,105.432,94.009926
98.423,94.95197,95.755,94.04828
100.264,95.172386,95.797,94.20972
93.0,95.25061,88.108,94.701126
97.006,94.99148,92.481,94.593796
97.891,95.01696,100.253,94.40955
96.563,95.31007,95.211,94.120895
96.551,95.43295,99.365,93.98753
93.972,95.54242,100.236,94.10757
92.394,95.64022,98.352,94.27541
92.066,95.40043,98.423,94.665276
93.709,95.00423,100.264,94.94676
96.012,94.679,93.0,95.40278
88.255,94.08507,97.006,95.706055
92.529,93.6929,97.891,95.97314
94.409,93.312294,96.563,95.703995
99.224,93.01125,96.551,95.97492
90.398,93.22232,93.972,96.12027
92.254,93.608826,92.394,96.318596
89.914,94.181335,92.066,96.129906
97.102,94.724174,93.709,95.569214
99.716,94.96813,96.012,94.97737
92.484,95.214455,88.255,94.53443
104.366,95.52758,92.529,94.30801
103.254,95.64926,94.409,94.18306
108.408,95.19383,99.224,94.02377
95.025,94.47664,90.398,94.04287
96.807,94.1696,92.254,94.152275
104.175,94.24586,89.914,94.40832
74.953,94.10825,97.102,94.28094
94.449,94.05907,99.716,94.198395
98.691,94.12292,92.484,94.16461
87.215,94.04452,104.366,94.09125
80.434,94.038925,103.254,94.39859
95.041,94.13095,108.408,94.28402
74.892,93.91613,95.025,94.55739
76.112,93.517334,96.807,94.64016
72.594,93.35517,104.175,94.56558
91.335,93.25242,74.953,94.318275
78.32,93.40259,94.449,94.21393
104.981,93.19985,98.691,94.316605
91.559,93.32725,87.215,93.25106
128.528,92.22566,80.434,95.40829
60.649,89.67037,95.041,93.9519
88.84,89.10063,74.892,93.856834
79.833,88.81783,76.112,93.85815
64.159,87.876114,72.594,92.8333
97.538,86.89662,91.335,93.601616
140.344,87.2438,78.32,93.257545
100.407,88.20972,104.981,92.85734
84.524,89.88245,91.559,92.62086
63.027,90.88816,128.528,91.63565
79.223,92.259995,60.649,89.34984
96.096,93.093346,88.84,88.594345
114.189,93.598785,79.833,85.6852
99.725,95.76168,64.159,87.47249
93.087,96.1753,97.538,85.838196
103.236,96.53985,140.344,86.53399
100.525,96.833374,100.407,88.37044
103.622,97.94342,84.524,90.79825
96.539,97.00447,63.027,91.73772
105.121,97.1186,79.223,92.590256
85.55,97.056625,96.096,94.06597
93.34,96.02184,114.189,94.1783
104.034,96.144104,99.725,95.90972
96.97,94.90225,93.087,96.972244
84.696,93.74742,103.236,98.11995
79.078,93.43214,100.525,98.046265
85.079,93.17006,103.622,97.99372
84.255,93.38446,96.539,97.47766
97.716,94.6084,105.121,96.614265
93.281,94.5819,85.55,95.89955
102.762,94.92066,93.34,94.65712
95.721,94.85073,104.034,94.814995
93.141,94.81142,96.97,94.272545
95.591,94.67601,84.696,94.34449
96.585,94.950554,79.078,94.46202
95.642,94.966995,85.079,94.49092
98.351,95.17661,84.255,93.93193
97.186,95.20413,97.716,94.25142
91.57,95.24739,93.281,93.74322
92.132,94.95058,102.762,94.106964
94.999,94.83636,95.721,94.05552
89.841,94.58665,93.141,94.08846
91.152,94.79663,95.591,93.883736
91.824,94.756226,96.585,94.11838
102.746,94.70664,95.642,94.22887
96.53,94.84406,98.351,94.35056
92.542,95.03669,97.186,94.437675
89.396,95.15451,91.57,94.54863
91.802,95.339455,92.132,94.72863
93.077,95.35766,94.999,94.700356
94.733,95.14197,89.841,94.61017
102.257,95.19225,91.152,94.37567
93.356,95.15409,91.824,94.17055
95.845,95.10817,102.746,94.12216
93.484,95.21135,96.53,94.16412
90.433,95.15312,92.542,94.004105
100.859,95.167496,89.396,94.20211
97.249,95.21016,91.802,94.295425
95.015,95.00222,93.077,93.93836
91.913,95.14662,94.733,93.798256
88.441,95.37991,102.257,93.835754
100.404,95.49,93.356,94.00245
98.441,95.48595,95.845,94.11765
94.262,95.266136,93.484,94.516235
98.223,95.12049,90.433,94.66514
98.002,94.54026,100.859,94.95683
92.413,93.98827,97.249,95.0775
96.274,93.67356,95.015,95.03806
88.4,93.324425,91.913,95.56593
91.19,93.401695,88.441,95.84923
97.596,93.420044,100.404,95.776115
109.924,93.58484,98.441,95.21716
97.317,93.562,94.262,94.732445
103.694,93.92388,98.223,95.071754
90.519,94.539665,98.002,95.329124
100.255,94.89042,92.413,95.065956
84.694,95.140625,96.274,94.98932
100.21,95.477615,88.4,94.85104
82.127,95.43152,91.19,94.454834
96.645,95.169174,97.596,94.32489
102.277,94.05173,109.924,93.88721
84.566,93.78913,97.317,94.0715
96.042,93.96441,103.694,94.388535
84.327,93.92473,90.519,94.74513
85.806,94.388794,100.255,94.58259
81.796,94.24442,84.694,94.378685
102.752,93.843704,100.21,93.96697
74.191,93.690254,82.127,94.00008
90.633,93.84047,96.645,93.8143
80.351,93.879585,102.277,94.27747
102.33,94.18396,84.566,94.18974
74.598,94.057396,96.042,94.62079
112.476,94.00075,84.327,94.75419
94.688,94.14184,85.806,94.60022
114.03,93.73591,81.796,94.54511
106.255,94.75711,102.752,93.17441
88.004,92.55088,74.191,95.06484
95.509,88.42503,90.633,93.52601
107.027,86.315315,80.351,92.547874
82.601,85.49473,102.33,92.33897
100.407,85.71867,74.598,92.0832
100.005,86.312454,112.476,92.12196
101.386,86.71843,94.688,91.02135
80.951,87.363464,114.03,90.91584
84.524,88.52264,106.255,87.242195
63.027,89.74835,88.004,87.685036
104.767,91.15164,95.509,86.65364
108.198,92.23368,107.027,86.463425
105.54,93.60463,82.601,86.79886
111.065,95.84346,100.407,87.22411
109.748,96.24578,100.005,87.07984
96.805,96.84912,101.386,87.90408
92.647,97.15771,80.951,89.04214
101.463,97.131744,84.524,89.645164
104.062,96.53509,63.027,91.21224
108.548,95.740395,104.767,92.85772
90.825,95.46823,108.198,94.04374
93.879,97.04655,105.54,97.35243
98.075,95.441124,111.065,97.092026
84.034,93.21507,109.748,97.72171
93.325,93.52095,96.805,97.97181
74.856,94.10955,92.647,99.04619
95.677,94.34092,101.463,99.29491
97.718,94.36827,104.062,97.61063
96.469,94.63688,108.548,96.33217
94.967,94.73823,90.825,95.47864
96.897,95.36187,93.879,95.59087
98.91,95.37558,98.075,96.032486
97.7,94.910416,84.034,95.03597
89.775,94.65643,93.325,94.91797
94.263,94.657875,74.856,94.52383
76.406,94.99444,95.677,94.41169
100.737,95.02377,97.718,94.0127
108.898,94.95455,96.469,94.45233
95.142,95.56774,94.967,93.82001
100.058,95.00064,96.897,94.12316
100.59,94.7326,98.91,93.6255
100.17,94.691956,97.7,93.68608
95.199,94.86807,89.775,93.948784
92.099,95.03028,94.263,94.180855
106.398,95.04783,76.406,94.340324
101.82,94.91869,100.737,94.27568
97.356,95.019875,108.898,94.547935
101.278,94.99698,95.142,94.679825
86.197,95.0529,100.058,94.46403
79.99,94.44366,100.59,94.6694
89.85,94.17436,100.17,93.8562
94.245,94.58872,95.199,94.657524
98.982,94.989365,92.099,94.61104
94.025,95.03817,106.398,94.46661
108.611,94.87727,101.82,94.32466
94.164,94.787056,97.356,94.02358
99.419,95.28323,101.278,94.11854
94.341,95.43233,86.197,94.413246
75.863,95.60329,79.99,94.696014
96.865,95.82506,89.85,94.96448
86.381,95.280266,94.245,94.312706
90.503,95.639824,98.982,94.25523
85.923,95.50954,94.025,93.691605
80.201,95.15853,108.611,93.913536
76.116,95.16413,94.164,94.078674
78.539,94.89552,99.419,93.93489
88.76,94.449005,94.341,94.75232
93.717,94.07391,75.863,94.451965
84.838,93.46839,96.865,94.94429
87.893,93.23472,86.381,94.94661
97.315,93.31481,90.503,94.85204
83.463,92.66403,85.923,94.60339
90.333,92.41165,80.201,94.6937
95.521,92.55563,76.116,94.52495
86.49,93.43103,78.539,94.42642
89.156,93.534164,88.76,94.02111
84.546,93.69064,93.717,93.63698
89.966,93.28339,84.838,92.4924
72.145,93.14462,87.893,92.33403
90.196,92.662834,97.315,92.33073
108.284,92.50345,83.463,91.76403
102.633,92.60911,90.333,91.94014
91.828,92.87891,95.521,92.58834
92.564,92.54758,86.49,91.81935
77.625,92.80061,89.156,92.267235
92.062,92.64638,84.546,92.72419
90.809,92.84359,89.966,92.54185
92.924,93.10836,72.145,93.053986
99.341,93.20395,90.196,92.77505
84.389,93.362526,108.284,92.84919
76.252,92.76195,102.633,92.59987
96.959,92.79208,91.828,92.74547
82.747,92.117874,92.564,93.62168
119.878,91.716774,77.625,94.281876
73.227,92.287254,92.062,93.683876
53.816,92.421135,90.809,93.76755
81.753,89.83652,92.924,94.45545
90.406,88.05535,99.341,93.17653
96.396,86.773834,84.389,92.69898
72.837,86.435326,76.252,92.561424
92.145,86.23323,96.959,92.57354
105.655,86.63229,82.747,93.14225
95.049,87.218895,119.878,93.163925
70.041,88.593124,73.227,90.67804
79.074,89.33182,53.816,90.23299
74.431,89.95706,81.753,86.73774
121.434,92.2647,90.406,88.08683
99.028,91.71574,96.396,83.640114
87.739,95.022934,72.837,84.82264
109.962,96.48563,92.145,87.31238
88.766,96.825356,105.655,87.648
107.156,96.8636,95.049,88.937775
100.949,97.118385,70.041,89.21066
92.288,97.05551,79.074,89.77217
84.626,95.88783,74.431,90.7974
105.369,96.11006,121.434,93.38769
93.654,96.9249,99.028,94.271866
98.864,96.89255,87.739,94.83568
88.274,95.13963,109.962,97.45264
96.212,94.172485,88.766,97.289345
81.395,93.85223,107.156,97.38827
87.659,93.39703,100.949,97.97896
82.512,92.843506,92.288,96.56945
99.917,92.75212,84.626,97.2587
88.623,93.829765,105.369,96.83038
91.68,94.233345,93.654,95.818245
104.441,94.88315,98.864,95.079315
83.58,95.150505,88.274,94.84639
86.153,95.29028,96.212,95.10782
74.83,94.91017,81.395,94.17522
96.947,95.01516,87.659,93.76074
95.097,95.30862,82.512,93.91866
91.238,95.309784,99.917,94.04749
99.263,95.29126,88.623,93.52887
94.927,94.825096,91.68,93.897446
101.648,94.88565,104.441,94.30934
89.212,94.35599,83.58,94.31455
96.659,94.373856,86.153,94.03978
94.152,94.46929,74.83,94.338875
96.972,93.824524,96.947,93.91481
93.796,93.92187,95.097,93.875336
87.744,94.08405,91.238,94.12731
93.463,94.196045,99.263,94.081955
88.277,93.55453,94.927,94.18757
92.68,93.80698,101.648,93.841515
93.252,94.03699,89.212,93.99783
94.021,93.972115,96.659,93.626144
95.093,94.21503,94.152,93.82539
91.271,94.0792,96.972,93.584236
89.366,94.07005,93.796,93.575165
92.554,94.40673,87.744,93.54213
104.605,94.559555,93.463,93.780846
96.889,94.59105,88.277,93.63069
90.116,94.52855,92.68,93.48911
93.716,94.69692,93.252,93.34985
99.2,94.78749,94.021,93.18404
91.941,94.816635,95.093,93.226685
88.669,94.80076,91.271,93.08833
90.599,94.885635,89.366,93.20394
99.437,94.85117,92.554,93.18301
87.858,94.7639,104.605,93.1608
99.44,94.60014,96.889,93.21891
106.361,94.16034,90.116,93.46787
88.492,93.65536,93.716,94.177376
99.431,93.25629,99.2,94.63609
91.665,92.97749,91.941,94.345406
91.773,92.83078,88.669,94.60317
104.248,92.82266,90.599,95.32561
87.319,93.172485,99.437,95.37763
90.139,93.748825,87.858,94.80353
106.537,94.08298,99.44,94.44656
100.554,94.600266,106.361,94.48564
92.423,94.86824,88.492,94.17385
73.799,95.05972,99.431,93.97984
97.415,95.040276,91.665,94.353745
91.896,94.380264,91.773,93.71832
95.357,93.82982,104.248,93.89772
102.893,93.747604,87.319,93.808556
107.92,93.8853,90.139,94.02142
88.525,93.919815,106.537,94.52063
89.113,93.882614,100.554,94.18996
105.494,93.69992,92.423,94.184494
80.02,93.54946,73.799,94.25342
89.264,93.60891,97.415,94.41278
83.167,94.0164,91.896,94.20775
82.478,93.40214,95.357,94.37626
68.134,93.30657,102.893,93.80792
80.261,93.65285,107.92,93.60049
100.686,94.105934,88.525,94.150154
107.177,93.92069,89.113,94.6567
73.224,93.02817,105.494,94.90698
53.816,94.5331,80.02,93.97052
77.436,91.165924,89.264,94.20903
77.117,88.21037,83.167,92.64923
107.027,87.26107,82.478,93.11609
98.816,87.63665,68.134,92.42015
88.735,87.48948,80.261,92.64082
104.256,87.196724,100.686,93.13938
76.565,87.27586,107.177,93.49742
92.874,88.76403,73.224,92.05499
105.655,90.61898,53.816,90.36148
111.315,91.17708,77.436,88.6197
77.771,92.645134,77.117,87.77845
81.916,92.311455,107.027,83.82854
107.987,94.76036,98.816,84.67672
109.702,95.74365,88.735,85.83421
104.244,95.97878,104.256,86.81473
97.021,96.29534,76.565,87.77032
95.355,97.01187,92.874,88.67527
106.171,96.86385,105.655,89.026215
91.435,96.44378,111.315,90.356636
90.444,96.16063,77.771,90.835556
93.596,96.57485,81.916,91.78575
85.799,96.921005,107.987,94.024124
89.023,95.898766,109.702,96.03488
96.748,95.15126,104.244,96.00398
89.484,94.50219,97.021,96.94217
100.179,94.16873,95.355,98.4256
96.403,94.10635,106.171,98.963066
93.751,93.93391,91.435,98.8807
94.936,93.37334,90.444,98.063156
93.271,93.8993,93.596,97.659706
96.855,94.31821,85.799,96.40663
87.621,94.860565,89.023,95.33658
103.56,95.045975,96.748,94.57798
97.995,95.214615,89.484,94.506165
104.479,95.113594,100.179,94.045586
88.392,95.12102,96.403,94.03949
93.325,94.99701,93.751,93.75737
93.499,95.11246,94.936,93.42546
93.755,94.899475,93.271,93.49087
102.236,94.78635,96.855,93.63346
98.332,94.88264,87.621,93.93741
94.34,94.94623,103.56,94.051094
98.721,95.03644,97.995,94.351974
86.154,94.821045,104.479,94.47246
94.587,94.71161,88.392,94.67398
84.54,94.538246,93.325,94.61851
93.469,94.873924,93.499,95.02604
95.984,94.24411,93.755,94.57698
93.667,94.268005,102.236,94.39429
98.387,94.306595,98.332,94.17117
90.134,94.43104,94.34,94.10787
99.19,94.50824,98.721,94.16829
90.136,94.469894,86.154,94.096
101.128,94.44347,94.587,94.18047
101.303,94.698044,84.54,94.14787
90.153,94.3535,93.469,93.95318
94.104,94.45539,95.984,93.56041
96.986,94.89951,93.667,93.718376
93.835,94.95273,98.387,93.52403
91.766,94.76419,90.134,93.4052
81.994,94.8869,99.19,93.31168
92.166,94.99471,90.136,93.401726
96.429,94.93028,101.128,93.327995
95.828,95.05379,101.303,93.53181
89.844,94.98603,90.153,93.302925
77.625,94.715836,94.104,93.68871
86.201,94.14734,96.986,93.82905
93.316,93.839935,93.835,93.79423
90.604,93.20047,91.766,93.925735
95.283,92.83167,81.994,94.22081
102.715,92.749596,92.166,94.45078
78.274,92.66219,96.429,94.57284
95.042,92.632545,95.828,94.33487
100.604,92.506615,89.844,94.362755
97.636,92.57212,77.625,94.408714
94.793,93.43524,86.201,94.57338
97.427,93.75552,93.316,94.16899
95.355,93.02668,90.604,93.12071
108.229,92.88812,95.283,92.53335
101.102,92.50429,102.715,92.54599
82.973,92.93149,78.274,92.68824
73.147,92.93621,95.042,93.013985
83.592,92.855286,100.604,93.11384
93.504,92.45958,97.636,92.269066
88.212,92.292465,94.793,92.023636
93.613,92.290596,97.427,91.96309
103.714,92.56203,95.355,92.48354
73.698,92.4274,108.229,92.45795
56.537,92.48565,101.102,92.62152
85.72,92.36926,82.973,91.948814
108.726,91.918365,73.147,91.89601
80.261,91.60973,83.592,92.316986
88.004,90.67615,93.504,91.380325
87.082,89.914276,88.212,91.17945
45.263,91.31678,93.613,91.19449
77.92,90.88827,103.714,92.2715
75.712,90.70886,73.698,94.266426
99.474,87.10107,56.537,91.2232
113.683,86.55075,85.72,91.36589
98.816,86.49021,108.726,92.60048
100.407,86.6711,80.261,92.77179
107.786,87.56563,88.004,92.15189
77.356,88.20186,87.082,90.75712
57.719,88.359276,45.263,90.53098
81.663,90.2394,77.92,89.0405
86.679,91.92225,75.712,88.04435
64.154,91.699295,99.474,86.09034
98.098,93.853096,113.683,85.865204
106.575,95.21268,98.816,87.003716
106.919,95.3209,100.407,86.98379
101.342,95.17752,107.786,87.19502
89.867,96.50184,77.356,86.85893
94.473,97.13058,57.719,87.46255
94.362,96.74464,81.663,88.03655
91.049,95.68016,86.679,88.97351
108.075,95.127335,64.154,91.42677
105.384,95.96142,98.098,92.00488
97.17,96.71093,106.575,93.128365
94.943,97.15124,106.919,95.80641
105.689,96.22246,101.342,96.22467
91.071,94.19452,89.867,97.22888
98.091,93.69813,94.473,97.034485
104.284,93.46062,94.362,97.702255
94.129,93.130516,91.049,97.501785
100.139,92.996864,108.075,97.01474
103.388,93.61235,105.384,96.40211
95.492,94.47816,97.17,96.04394
94.842,94.90374,94.943,95.39793
93.066,95.645226,105.689,95.69266
99.69,94.89981,91.071,94.70824
85.641,94.84393,98.091,94.38141
101.456,95.04148,104.284,94.7203
93.554,95.274826,94.129,94.37015
95.553,95.11125,100.139,94.397156
96.301,95.38784,103.388,94.327736
100.453,95.222244,95.492,94.35193
97.316,95.29407,94.842,94.558556
93.561,95.72065,93.066,94.813644
97.317,95.47084,99.69,94.681656
92.301,95.03686,85.641,94.78773
106.854,95.043045,101.456,94.83987
89.183,95.01678,93.554,94.874275
82.347,94.91613,95.553,95.015076
73.221,94.66209,96.301,94.685486
92.308,94.51525,100.453,94.90619
93.259,94.32235,97.316,94.42628
101.882,94.396065,93.561,94.12368
92.356,94.54902,97.317,94.207016
88.393,94.5561,92.301,94.159996
80.365,94.44998,106.854,93.98282
92.487,94.61003,89.183,93.99412
89.72,94.669266,82.347,93.76463
87.309,95.00566,73.221,94.08047
101.561,94.76866,92.308,93.75322
106.039,94.96352,93.259,93.89711
104.684,95.82789,101.882,93.85279
90.028,95.56555,92.356,93.65863
82.788,94.62374,88.393,93.5007
90.36,94.87358,80.365,93.50909
95.595,94.86623,92.487,93.357056
92.233,94.70256,89.72,93.23576
92.508,94.91234,87.309,93.29636
86.105,93.98552,101.561,93.4883
93.7,93.22789,106.039,93.752174
91.202,93.16678,104.684,93.850395
86.868,92.94906,90.028,94.54258
96.601,93.060875,82.788,95.40545
77.969,93.51832,90.36,95.658005
96.272,93.38636,95.595,94.99161
93.098,93.39254,92.233,94.60961
92.767,93.47207,92.508,93.95299
81.4,94.27223,86.105,94.37022
98.952,94.80632,93.7,94.454666
103.609,94.97017,91.202,94.22917
101.081,94.56329,86.868,93.813965
89.148,94.093956,96.601,93.76063
101.456,93.79223,77.969,93.680305
96.052,93.63593,96.272,93.517624
71.813,93.52301,93.098,93.72208
97.996,93.32782,92.767,93.31803
65.732,93.347664,81.4,93.275696
76.408,93.308105,98.952,93.51899
83.236,93.474396,103.609,93.39478
106.406,93.124374,101.081,92.90046
106.255,93.027756,89.148,93.19469
82.973,92.54376,101.456,93.86167
85.695,93.07544,96.052,94.22837
79.537,92.81859,71.813,93.82863
89.479,92.78857,97.996,93.9074
95.291,93.07076,65.732,93.86845
70.116,92.0864,76.408,93.7859
55.51,90.51511,83.236,94.4862
109.362,91.6212,106.406,93.983894
88.525,89.67239,106.255,93.21062
59.415,88.14945,82.973,92.80785
110.82,86.919754,85.695,92.62574
105.954,86.52819,79.537,91.894775
100.005,87.18438,89.479,91.92886
50.496,88.26754,95.291,90.99214
81.044,88.95847,70.116,90.59873
81.663,90.07504,55.51,90.004135
81.663,91.544136,109.362,89.73416
99.873,92.64984,88.525,89.739655
84.718,93.06019,59.415,88.25013
109.812,95.10099,110.82,87.72766
84.548,95.681335,105.954,88.65354
99.795,95.113266,100.005,85.95874
112.103,96.284256,50.496,86.756775
87.982,96.23563,81.044,86.92895
86.792,97.324005,81.663,87.92441
101.054,96.02568,81.663,91.50003
102.115,97.117195,99.873,91.481445
97.725,98.10395,84.718,93.76294
93.194,96.8556,109.812,94.30333
88.435,95.60923,84.548,96.23407
101.259,94.80026,99.795,96.02201
96.145,93.62701,112.103,97.00964
95.182,93.29812,87.982,96.30871
88.769,93.095856,86.792,96.71298
95.924,93.56031,101.054,97.28734
97.803,93.701256,102.115,95.56686
90.805,94.41197,97.725,95.09641
96.172,95.04332,93.194,94.826706
84.095,95.7345,88.435,95.0806
102.761,95.13313,101.259,94.4366
90.978,95.00444,96.145,94.15486
87.807,94.92542,95.182,94.05493
95.508,94.972855,88.769,94.18132
107.978,95.113464,95.924,94.17282
94.657,95.04382,97.803,93.873116
93.792,95.010765,90.805,93.70822
91.785,95.21271,96.172,93.80777
89.197,95.06853,84.095,94.041565
102.997,94.88011,102.761,93.88457
98.504,94.96881,90.978,94.2559
99.468,94.90366,87.807,94.34407
94.885,94.758095,95.508,94.57084
85.613,94.39491,107.978,94.628876
86.532,94.23631,94.657,94.201645
90.738,94.523926,93.792,94.226074
96.832,94.372925,91.785,94.4381
87.36,94.29822,89.197,93.93443
91.177,93.98898,102.997,93.96916
96.19,94.082214,98.504,93.81267
94.787,94.25621,99.468,93.89684
85.977,94.433105,94.885,94.0988
94.947,94.355736,85.613,94.017715
82.39,94.4636,86.532,94.11607
93.215,94.482315,90.738,93.761406
100.883,94.65815,96.832,93.67401
93.077,94.912674,87.36,93.433136
92.111,95.05458,91.177,93.27721
96.629,94.98419,96.19,93.48152
98.8,95.08922,94.787,93.58847
88.695,95.02686,85.977,93.49562
94.271,95.12716,94.947,93.57039
102.732,94.83577,82.39,93.89214
98.454,94.561104,93.215,93.715034
92.979,93.792274,100.883,94.16189
90.362,93.77883,93.077,93.98143
89.651,93.18241,92.111,94.191444
83.058,92.933876,96.629,94.96526
91.246,93.02549,98.8,95.004326
93.982,93.05401,88.695,94.675705
92.857,93.49953,94.271,94.86757
88.798,94.096825,102.732,95.23209
90.003,94.727196,98.454,94.64679
95.85,94.92976,92.979,94.2732
96.218,95.268814,90.362,94.50738
100.616,95.437096,89.651,94.42165
95.542,95.38313,83.058,94.36818
91.954,94.695656,91.246,94.076035
102.34,93.94292,93.982,93.92279
101.541,93.641556,92.857,94.11697
105.781,93.750534,88.798,93.92475
101.058,93.572044,90.003,94.061455
70.073,93.83279,95.85,94.25229
110.985,93.87427,96.218,94.02668
75.87,93.85181,100.616,93.594666
87.642,93.694885,95.542,93.55133
100.974,93.3988,91.954,93.76876
81.842,93.424,102.34,94.135956
83.955,93.54155,101.541,94.05079
79.537,93.52972,105.781,93.88145
96.616,93.484695,101.058,94.20209
75.636,93.23823,70.073,94.43602
70.116,92.799225,110.985,94.60143
99.799,94.38702,75.87,93.829216
109.362,91.45928,87.642,93.24512
106.558,89.9694,100.974,92.57416
59.415,88.31396,81.842,92.95807
72.837,88.906555,83.955,91.802505
76.055,88.08109,79.537,91.4308
89.908,87.324196,96.616,93.46652
61.98,88.186584,75.636,93.45994
121.375,88.84167,70.116,93.027084
80.36,89.51293,99.799,91.861496
81.663,90.81266,109.362,91.61403
132.63,91.71399,106.558,90.24758
90.725,93.83797,59.415,88.20654
106.531,93.61425,72.837,86.754875
106.337,94.24396,76.055,86.62551
99.51,95.886055,89.908,86.52096
103.98,95.72554,61.98,85.867065
98.108,97.48215,121.375,88.246475
97.987,98.30765,80.36,90.60829
95.211,98.34451,81.663,93.88522
96.852,97.45272,132.63,93.322235
87.825,96.6819,90.725,94.97687
94.376,96.929344,106.531,93.83572
96.298,96.19104,106.337,95.55342
87.372,95.3038,99.51,96.315765
94.738,94.64709,103.98,97.79776
78.634,93.91033,98.108,98.8315
90.333,93.57829,97.987,98.42668
96.789,94.24244,95.211,98.92961
90.112,94.22751,96.852,97.8242
88.953,94.67296,87.825,97.08099
85.643,94.84847,94.376,96.15406
90.26,95.255135,96.298,95.30139
83.221,95.41983,87.372,94.84023
92.514,95.42978,94.738,94.590904
92.704,95.32823,78.634,94.66627
90.553,95.26253,90.333,94.178474
98.376,95.14246,96.789,94.0511
99.015,94.73838,90.112,93.897385
94.911,94.810104,88.953,93.628876
98.023,94.35146,85.643,94.26218
95.768,94.176216,90.26,93.732285
86.903,94.2119,83.221,93.961235
91.579,94.120804,92.514,93.834206
94.653,94.09909,92.704,93.94244
98.143,93.739044,90.553,93.82274
98.946,93.85187,98.376,93.84484
96.113,93.5157,99.015,93.72876
96.148,93.63157,94.911,93.6445
102.297,93.79475,98.023,93.74428
95.964,93.95216,95.768,93.658714
87.56,94.0875,86.903,93.82619
93.857,94.096504,91.579,93.831116
94.027,94.249825,94.653,93.75049
87.873,94.21678,98.143,93.78074
104.482,94.276825,98.946,93.58592
88.163,94.46134,96.113,93.4778
86.04,94.61196,96.148,93.59557
99.361,94.73791,102.297,93.80535
96.105,94.71729,95.964,93.89405
101.867,94.93341,87.56,94.03917
96.717,95.10192,93.857,94.4278
90.505,95.220245,94.027,94.4801
91.905,95.29394,87.873,94.22979
96.275,95.088486,104.482,94.295876
85.39,94.66293,88.163,94.42596
89.691,94.38133,86.04,94.44074
90.671,93.92494,99.361,94.939926
94.785,93.69429,96.105,94.80174
104.319,93.22326,101.867,94.22148
93.401,93.13869,96.717,94.75378
94.167,93.111465,90.505,95.31884
90.076,93.60758,91.905,95.89972
83.032,94.03603,96.275,95.70993
93.808,94.12242,85.39,94.843185
74.376,94.3533,89.691,94.41525
95.054,94.76088,90.671,94.38597
116.441,95.016945,94.785,94.004684
102.732,95.158394,104.319,93.76185
87.855,94.728485,93.401,93.61834
111.814,94.24552,94.167,93.880936
74.136,94.13908,90.076,94.504776
85.084,94.31012,83.032,94.31579
94.782,94.102745,93.808,94.11934
95.879,93.80946,74.376,93.91982
101.774,93.53157,95.054,93.65792
86.334,93.59836,116.441,93.615074
63.306,93.38807,102.732,93.42781
101.912,93.16614,87.855,93.5263
97.545,91.068886,111.814,94.110146
74.892,92.09196,74.136,94.70531
42.623,92.635475,85.084,93.92693
94.278,91.578636,94.782,93.5772
97.968,92.02348,95.879,93.19323
78.32,91.00381,101.774,93.22466
62.284,93.043655,86.334,93.22529
92.242,93.41941,63.306,93.25711
92.181,91.11942,101.912,93.848236
88.525,88.38079,97.545,92.50178
88.84,88.47645,74.892,94.32364
72.837,88.10764,42.623,92.309006
71.927,87.389946,94.278,92.51866
97.538,86.97957,97.968,93.33864
140.344,85.02542,78.32,91.71061
77.244,88.59363,62.284,90.94707
81.663,90.261986,92.242,90.13762
101.85,91.64586,92.181,89.64007
84.471,93.13588,88.525,87.20639
95.327,94.257835,88.84,87.498184
108.646,95.352005,72.837,88.289154
107.768,95.61516,71.927,88.28315
99.833,96.26313,97.538,88.56951
97.757,96.94391,140.344,88.8219
93.309,97.00238,77.244,89.42337
94.007,97.41581,81.663,89.2911
100.915,96.62443,101.85,90.35952
103.301,96.81164,84.471,90.458916
94.791,96.5087,95.327,91.08249
98.628,95.84983,108.646,93.29693
89.863,95.3892,107.768,94.81848
88.852,94.09649,99.833,96.280594
87.67,93.92607,97.757,97.71567
97.864,94.08234,93.309,98.63709
95.011,93.75821,94.007,98.89026
94.818,93.53968,100.915,98.099365
90.245,93.99845,103.301,96.98799
87.668,94.67486,94.791,96.06361
89.771,95.35745,98.628,95.46428
97.984,95.289604,89.863,95.2045
94.701,94.86374,88.852,94.76442
91.888,94.814545,87.67,94.69034
81.754,95.02191,97.864,94.43203
104.351,95.32521,95.011,94.29339
99.693,95.49886,94.818,94.1098
99.239,95.64188,90.245,94.167564
94.83,95.65093,87.668,94.18335
92.207,95.4667,89.771,93.706055
94.27,95.248215,97.984,93.789024
92.08,95.24766,94.701,94.03801
97.717,95.13519,91.888,94.18264
92.039,95.123535,81.754,94.77659
91.627,94.94994,104.351,94.6295
81.171,94.92623,99.693,94.45983
104.151,94.798744,99.239,94.40043
101.876,94.99487,94.83,94.507454
91.725,94.65826,92.207,94.52831
95.867,94.72849,94.27,94.14928
92.023,94.861984,92.08,94.21322
94.617,95.133415,97.717,94.2039
97.182,95.26961,92.039,94.2735
95.314,95.19902,91.627,94.08266
95.289,95.38537,81.171,94.17232
87.74,95.150635,104.151,93.97255
96.217,94.96125,101.876,93.857056
95.669,95.37555,91.725,94.06563
99.842,95.25832,95.867,94.08249
101.743,95.15642,92.023,94.441
98.283,95.07399,94.617,94.00781
95.73,95.1915,97.182,94.34755
92.481,95.61701,95.314,94.55764
96.144,95.396996,95.289,94.92669
97.093,94.75519,87.74,95.16185
89.205,94.340004,96.217,95.35907
98.659,93.96526,95.669,95.55292
90.99,93.71512,99.842,95.09935
93.625,93.43596,101.743,95.36114
90.098,93.334885,98.283,95.55137
91.617,93.78835,95.73,95.87527
96.892,94.38101,92.481,96.02302
101.966,94.579155,96.144,95.84458
97.718,94.85899,97.093,95.317474
97.871,94.99518,89.205,94.80356
109.252,95.26906,98.659,94.74031
90.953,95.57713,90.99,94.61344
103.105,95.62265,93.625,94.36419
76.19,95.53694,90.098,94.34629
98.703,94.90631,91.617,94.16417
79.102,94.415306,96.892,94.186516
86.532,93.82303,101.966,94.19592
89.572,94.15048,97.718,94.28375
75.051,94.482506,97.871,94.634
104.863,94.62406,109.252,94.77745
109.043,94.74721,90.953,94.655945
98.0,94.571686,103.105,94.485
87.709,93.93906,76.19,94.50402
67.317,93.905495,98.703,94.0812
128.163,93.4255,79.102,94.26291
102.33,93.098785,86.532,94.226616
74.598,92.96407,89.572,94.23587
94.211,93.85364,75.051,93.84565
91.326,93.25327,104.863,94.12782
114.03,94.11475,109.043,94.16051
100.542,94.95265,98.0,93.32882
90.979,91.13176,87.709,95.5029
101.076,87.496826,67.317,92.89409
96.396,86.9421,128.163,92.53842
90.125,86.87806,102.33,92.44075
92.145,86.276955,74.598,92.36979
100.005,88.79305,94.211,87.31251
102.667,87.26377,91.326,88.70233
81.044,88.2379,114.03,89.508286
53.519,90.498886,100.542,88.36344
101.85,91.54323,90.979,89.03613
44.648,92.40607,101.076,87.690605
108.198,93.51366,96.396,87.326324
110.371,95.20237,90.125,88.05816
94.579,96.1681,92.145,87.60764
85.971,96.43371,100.005,87.344124
99.338,97.137405,102.667,87.957306
101.424,96.898506,81.044,88.777245
104.573,96.39131,53.519,89.82496
97.315,96.09296,101.85,91.52066
95.529,95.50438,44.648,93.55459
100.206,97.12004,108.198,97.08735
93.974,96.659836,110.371,96.581314
98.136,97.110695,94.579,97.684906
89.298,96.012764,85.971,98.44067
91.091,93.83182,99.338,97.974655
94.906,92.79492,101.424,96.87883
84.376,93.74279,104.573,97.19728
85.881,93.88346,97.315,96.21024
95.958,95.20767,95.529,95.85024
101.245,95.14605,100.206,94.99268
97.346,95.44178,93.974,94.49812
86.852,95.4234,98.136,94.502975
87.564,95.22702,89.298,94.731575
96.996,95.29292,91.091,94.663055
94.329,95.35051,94.906,94.6804
85.933,95.609695,84.376,94.29182
93.434,95.70059,85.881,94.222404
97.942,95.55765,95.958,94.251305
93.357,95.49356,101.245,94.33295
94.885,95.3743,97.346,94.19751
92.217,95.01382,86.852,94.47963
90.936,94.79086,87.564,94.75967
97.069,94.73503,96.996,94.44623
93.066,94.20532,94.329,94.399445
99.843,94.56009,85.933,94.38553
94.596,94.71664,93.434,94.597984
92.303,94.56969,97.942,94.51893
103.286,94.50351,93.357,94.52329
99.598,94.67865,94.885,94.33459
93.09,94.46135,92.217,94.20279
82.181,94.341675,90.936,93.88807
91.641,94.032616,97.069,93.978424
95.002,94.17823,93.066,93.86688
99.067,94.28309,99.843,93.83878
97.227,94.34957,94.596,93.75242
95.624,94.21953,92.303,93.508224
93.48,94.59966,103.286,93.69228
88.03,94.69674,99.598,93.50305
89.815,94.61778,93.09,93.37533
93.311,94.9283,82.181,93.45331
89.7,94.99066,91.641,93.560814
95.607,94.762085,95.002,93.644394
94.135,94.895386,99.067,93.588356
90.138,95.143715,97.227,93.47147
85.081,94.8829,95.624,93.49375
93.243,94.442116,93.48,93.867226
91.78,94.46243,88.03,94.53013
85.897,94.086975,89.815,94.96702
90.12,93.70969,93.311,95.13451
92.372,93.42161,89.7,94.77798
78.459,93.18414,95.607,94.671616
92.649,93.01503,94.135,94.81474
92.595,93.2743,90.138,94.664215
102.385,93.72327,85.081,94.78525
89.612,94.261505,93.243,94.75649
85.473,94.65554,91.78,94.292206
85.733,94.722176,85.897,93.52377
97.796,94.40672,90.12,93.12045
94.973,93.94315,92.372,93.388885
80.009,93.63434,78.459,93.3415
91.753,93.375885,92.649,93.34609
113.491,93.28973,92.595,93.392914
86.386,93.40393,102.385,93.386894
84.937,93.562325,89.612,93.09906
88.481,93.22411,85.473,93.106316
110.656,93.22229,85.733,93.675476
94.91,93.41823,97.796,93.29449
81.574,92.804695,94.973,93.10562
97.951,93.18071,80.009,92.78224
84.389,93.3013,91.753,93.16956
76.252,93.5067,113.491,93.694984
52.865,93.195564,86.386,93.69117
65.138,92.97826,84.937,93.661385
119.878,91.174194,88.481,93.7344
73.224,93.08676,110.656,93.80412
83.861,90.471085,94.91,92.75574
81.397,90.54226,81.574,94.45213
103.035,86.662704,97.951,92.30316
96.396,86.1914,84.389,92.44472
72.837,86.396095,76.252,92.54988
92.145,87.07863,52.865,91.4738
76.643,86.63154,65.138,93.03294
73.321,87.359055,119.878,93.39818
70.041,87.4255,73.224,92.677734
79.074,89.92182,83.861,91.82431
100.678,92.95779,81.397,87.074425
121.434,92.77398,103.035,88.63602
92.311,94.20011,96.396,87.13207
102.541,95.56779,72.837,87.26968
99.021,95.07562,92.145,86.61825
106.322,95.70267,76.643,87.20514
95.275,96.449005,73.321,88.01001
93.085,96.95012,70.041,88.35361
100.38,97.832565,79.074,91.19934
90.776,97.63488,100.678,93.08992
84.814,98.26358,121.434,94.17767
100.575,98.27064,92.311,94.31147
94.042,97.59768,102.541,96.337036
95.089,96.03799,99.021,97.12796
91.83,94.5955,106.322,95.98389
89.06,94.713974,95.275,97.30935
91.143,93.55286,93.085,96.983765
87.817,93.43112,100.38,97.28556
85.839,93.17141,90.776,96.705
98.689,93.70976,84.814,96.414986
83.973,94.69206,100.575,95.76973
91.351,95.21986,94.042,95.354
84.051,95.538376,95.089,95.03063
86.567,95.60745,91.83,94.88413
88.952,95.42531,89.06,94.74663
92.385,95.220535,91.143,94.01477
95.363,95.24033,87.817,93.89377
93.725,95.45732,85.839,93.85457
77.729,95.60268,98.689,93.82088
88.321,95.25669,83.973,93.56913
95.566,95.04021,91.351,93.50179
85.914,95.07435,84.051,94.15022
99.241,94.35765,86.567,93.9898
93.068,94.48147,88.952,94.034966
98.328,94.13326,92.385,93.74547
98.052,94.20334,95.363,93.79086
95.034,94.075066,93.725,93.907234
91.3,94.06857,77.729,93.994644
84.456,94.086586,88.321,93.90434
94.467,93.98421,95.566,93.55121
94.858,93.81722,85.914,93.88566
80.115,94.134125,99.241,93.34171
86.299,93.89485,93.068,93.46031
92.317,93.75294,98.328,93.16179
93.51,93.67745,98.052,93.27705
93.858,93.430504,95.034,92.90254
86.818,93.74727,91.3,93.36363
91.776,94.0556,84.456,93.24659
85.867,94.303444,94.467,93.1655
98.622,94.45658,94.858,93.14948
92.955,94.48343,80.115,93.10873
90.801,94.84946,86.299,93.235146
87.373,94.82374,92.317,93.09068
81.686,95.28324,93.51,93.38249
80.208,95.24693,93.858,92.97899
92.07,95.14173,86.818,93.0108
87.078,95.13378,91.776,93.42523
94.69,94.82797,85.867,93.674965
87.024,94.23903,98.622,93.558495
84.705,93.37182,92.955,93.82326
88.506,93.099014,90.801,93.61739
88.761,92.64609,87.373,94.16353
84.472,92.85087,81.686,94.56062
98.512,93.03637,80.208,94.17709
99.753,93.340324,92.07,93.82914
78.683,93.54512,87.078,93.30634
83.134,93.63404,94.69,92.72902
100.403,93.86392,87.024,92.85011
102.154,93.80828,84.705,92.76446
83.438,93.76364,88.506,92.94404
75.635,93.46389,88.761,92.92332
73.84,93.20625,84.472,92.92619
107.524,93.38426,98.512,92.77707
83.792,93.43547,99.753,92.67387
89.278,93.40097,78.683,92.54213
101.26,93.46817,83.134,93.33147
105.494,93.278595,100.403,94.01433
78.975,93.355736,102.154,93.301056
83.431,92.73053,83.438,92.859695
83.167,93.289825,75.635,93.34512
91.264,92.858826,73.84,94.22018
92.343,93.41884,107.524,94.26259
101.086,92.727936,83.792,93.99934
100.686,92.911415,89.278,93.1371
91.326,92.68072,101.26,93.84187
73.224,92.98042,105.494,93.911835
83.861,93.150795,78.975,93.74276
77.436,90.16973,83.431,94.04692
101.924,86.27972,83.167,92.74082
88.212,86.118904,91.264,92.77152
91.002,86.652725,92.343,91.78045
88.735,86.70923,101.086,91.950615
106.71,86.18668,100.686,92.36719
58.258,86.63823,91.326,92.333305
121.375,88.112816,73.224,91.33893
81.663,89.43822,83.861,90.07029
72.895,90.426384,77.436,88.828316
77.771,92.55019,101.924,88.80353
89.158,93.765884,88.212,87.93059
102.587,95.73884,91.002,87.81055
104.039,95.912155,88.735,88.0697
108.872,96.25975,106.71,88.60226
103.658,96.547386,58.258,88.54734
109.619,96.94172,121.375,89.542725
90.668,96.80785,81.663,89.15825
96.242,97.02915,72.895,91.83399
94.291,96.81462,77.771,91.893616
82.194,96.700424,89.158,93.307205
86.556,96.51733,102.587,93.03999
88.656,97.13338,104.039,94.85802
90.622,96.392166,108.872,95.300026
91.669,94.67979,103.658,97.13853
83.944,93.430786,109.619,97.3684
87.25,93.1891,90.668,98.01888
84.831,93.41403,96.242,98.121216
93.547,93.59355,94.291,98.15399
87.176,94.11404,82.194,96.01402
81.658,94.60719,86.556,95.21162
84.463,95.390976,88.656,94.79811
91.666,95.81429,90.622,94.67364
96.068,95.78178,91.669,94.375755
85.567,95.97096,83.944,94.98652
91.755,95.85651,87.25,94.727356
89.167,95.383865,84.831,94.11661
94.091,94.62578,93.547,93.40659
88.581,94.58788,87.176,93.34854
95.838,94.105484,81.658,93.29974
98.49,94.30919,84.463,93.72466
92.89,93.93493,91.666,93.54278
91.476,93.88773,96.068,93.34537
92.234,93.99201,85.567,93.37009
90.65,94.043625,91.755,93.88563
94.658,93.95106,89.167,94.06508
85.735,93.78087,94.091,93.5691
75.69,94.1005,88.581,93.80218
95.259,93.9554,95.838,93.53938
77.902,94.14615,98.49,93.77077
85.733,93.97373,92.89,93.58127
84.692,94.23292,91.476,93.807816
92.873,94.14398,92.234,93.59393
91.968,94.14068,90.65,93.69152
100.132,94.088394,94.658,93.617165
94.321,94.475975,85.735,93.64039
91.203,94.699974,75.69,93.59381
90.189,94.96666,95.259,93.571655
95.153,94.93837,77.902,93.48841
89.723,95.199326,85.733,93.55377
101.098,95.1276,84.692,93.28656
92.75,94.78885,92.873,93.36541
86.751,94.81894,91.968,92.71205
91.849,94.56295,100.132,92.52051
94.104,94.42639,94.321,92.6066
88.436,94.032104,91.203,92.822655
87.965,94.04851,90.189,93.38258
84.118,93.68052,95.153,93.60678
94.012,93.22901,89.723,93.711784
85.121,93.0045,101.098,93.69772
92.522,92.95978,92.75,94.25415
96.875,93.08241,86.751,94.42409
97.586,93.14204,91.849,95.13613
100.139,93.434715,94.104,95.23054
93.871,93.59142,88.436,94.728195
91.081,94.07329,87.965,94.463295
101.669,94.25788,84.118,94.26123
89.962,94.7692,94.012,93.98451
96.51,94.22007,85.121,93.4265
98.296,93.90321,92.522,93.305
98.497,93.470406,96.875,93.395485
90.974,93.55614,97.586,93.27182
81.83,93.639114,100.139,93.316376
69.951,93.748924,93.871,93.78648
81.999,93.667274,91.081,93.90624
97.805,93.91445,101.669,94.1256
93.377,93.8217,89.962,93.88581
73.698,93.48817,96.51,93.64413
66.017,93.429,98.296,94.06487
82.281,93.65909,98.497,93.99927
108.726,93.6382,90.974,94.21595
101.086,93.773994,81.83,94.50002
88.004,93.88637,69.951,94.467926
87.082,93.90726,81.999,94.44034
62.284,93.487465,97.805,94.232346
74.21,92.97268,93.377,93.68907
73.626,91.88638,73.698,95.64913
99.474,87.86682,66.017,93.127304
105.357,86.215195,82.281,92.42156
91.002,86.012886,108.726,93.00756
105.954,86.81914,101.086,92.63373
87.802,86.84546,88.004,92.54797
92.123,86.45746,87.082,91.18283
121.375,87.09616,62.284,90.6185
81.663,88.78922,74.21,88.92201
86.679,90.624054,73.626,87.243774
116.155,91.853264,99.474,86.37079
131.234,94.74973,105.357,87.47084
96.776,95.539894,91.002,88.50505
88.554,96.502266,105.954,89.34309
98.24,96.03364,87.802,89.25621
101.492,96.707726,92.123,88.25841
93.77,96.47342,121.375,88.45009
71.812,96.4675,81.663,88.00751
97.88,96.349754,86.679,88.54021
104.146,96.76614,116.155,90.94761
91.419,95.67053,131.234,91.19736
101.028,95.74512,96.776,94.079475
81.946,95.83308,88.554,96.32229
81.473,96.94692,98.24,97.6983
90.773,96.56984,101.492,99.942406
101.256,95.256546,93.77,99.97789
100.955,94.3215,71.812,98.54262
85.077,94.60163,97.88,97.76946
88.764,94.15262,104.146,97.48999
102.16,95.75732,91.419,97.84125
87.778,96.05612,101.028,96.42672
101.177,95.67257,81.946,96.37854
92.42,94.977745,81.473,94.80939
102.641,94.99691,90.773,94.220375
99.608,95.30041,101.256,93.81463
86.702,95.31376,100.955,93.4908
95.602,95.55575,85.077,93.37146
94.423,95.54999,88.764,94.13731
94.775,95.30181,102.16,94.23184
89.792,94.75058,87.778,94.27602
96.425,94.9479,101.177,94.40315
78.063,94.92643,92.42,94.90395
94.03,94.61637,102.641,94.86168
90.197,94.494,99.608,95.053925
97.964,94.58459,86.702,94.89884
91.726,94.50421,95.602,94.79126
100.714,94.620964,94.423,94.67886
93.932,94.06261,94.775,94.61616
94.029,94.48251,89.792,94.32744
86.873,94.541016,96.425,93.93989
86.879,94.4259,78.063,94.04618
86.341,94.17545,94.03,94.03651
91.889,94.13716,90.197,94.07029
94.016,94.64632,97.964,94.35307
97.498,94.294395,91.726,94.012505
99.148,93.931244,100.714,93.67479
94.702,94.2622,93.932,93.38292
85.282,94.3381,94.029,93.1731
93.632,94.65053,86.873,93.433334
94.906,94.89336,86.879,93.62393
95.818,94.98846,86.341,93.74455
92.391,95.17143,91.889,93.63526
95.996,95.442825,94.016,93.77587
85.632,95.35595,97.498,93.64671
87.053,94.52246,99.148,93.56098
88.025,93.88672,94.702,93.638054
93.23,93.70145,85.282,93.99586
90.413,93.434525,93.632,94.424805
93.257,93.32711,94.906,94.60621
97.079,93.19079,95.818,94.16084
90.899,92.80155,92.391,94.34456
86.239,92.93064,95.996,94.56336
89.818,93.42948,85.632,94.938644
95.403,94.11571,87.053,94.910286
98.8,94.44995,88.025,94.9661
103.92,94.75074,93.23,94.39736
89.833,94.90944,90.413,93.76682
87.731,95.011734,93.257,93.42874
99.898,94.604485,97.079,93.49486
95.488,94.19819,90.899,93.564514
86.544,93.97021,86.239,93.645386
96.567,94.02543,89.818,94.00182
105.804,93.99444,95.403,93.80459
77.276,93.77768,98.8,93.51503
55.865,93.64298,103.92,93.34956
92.03,93.66749,89.833,93.673615
77.599,93.521545,87.731,94.09741
94.181,93.63025,99.898,94.61456
66.017,93.89607,95.488,94.224495
82.973,93.25682,86.544,93.95634
106.797,93.66029,96.567,93.94001
88.004,93.776146,105.804,94.032616
89.479,93.672386,77.276,94.03218
75.636,93.50312,55.865,94.11784
62.284,93.42195,92.03,94.359985
73.122,93.98832,77.599,93.03112
77.597,91.041046,94.181,94.424545
106.558,89.16737,66.017,92.78482
86.80211,86.86868,82.973,93.010796
90.125,86.43584,106.797,91.89083
105.954,85.381195,88.004,92.136665
106.558,85.856445,89.479,92.01717
50.496,87.185745,75.636,90.84877
121.375,87.28913,62.284,91.226006
81.663,88.71597,73.122,89.343956
49.886,90.26951,77.597,88.89605
85.77,91.20404,106.558,88.0255
100.813,93.51431,86.80211,88.88408
102.206,94.70763,90.125,89.62755
93.41,96.08908,105.954,89.62315
101.129,96.84302,106.558,90.025665
100.257,97.51961,50.496,89.47525
97.785,97.0815,121.375,89.35619
91.963,97.03672,81.663,88.60068
102.007,95.52721,49.886,90.13108
95.877,96.40525,85.77,91.19006
99.068,96.25786,100.813,93.23087
91.246,95.744194,102.206,93.95921
95.709,96.27109,93.41,96.25748
81.617,94.53551,101.129,97.6073
94.909,93.08312,100.257,97.49426
82.548,93.12203,97.785,97.0797
91.335,93.415146,91.963,97.54345
93.634,94.04685,102.007,97.091866
86.174,94.41635,95.877,95.99728
94.525,94.94059,99.068,94.927895
99.002,95.26967,91.246,94.564545
82.105,95.42315,95.709,94.40337
81.487,95.192566,81.617,94.567024
92.952,95.20665,94.909,94.397026
99.579,95.21438,82.548,94.40702
95.786,95.474075,91.335,94.31026
90.833,95.53786,93.634,93.9365
91.086,95.25053,86.174,94.41316
94.911,95.390015,94.525,93.60334
92.238,95.150276,99.002,94.0669
90.64,94.66529,82.105,93.72232
97.03,94.91185,81.487,94.07767
96.432,94.765335,92.952,94.43714
91.348,94.34694,99.579,94.24389
82.907,94.4327,95.786,94.04623
89.104,94.618004,90.833,94.10904
93.306,94.49593,91.086,94.63589
88.176,94.69406,94.911,94.40161
86.079,94.50493,92.238,94.13702
85.321,94.5704,90.64,94.07301
95.112,94.58038,97.03,93.912796
94.423,94.53713,96.432,93.79854
89.651,94.41197,91.348,93.84019
93.77,94.40432,82.907,93.82722
89.701,94.28443,89.104,93.66022
91.932,94.01876,93.306,93.66014
82.446,94.12923,88.176,93.68035
92.64,94.352066,86.079,93.29313
94.644,94.32661,85.321,92.944626
88.349,94.560425,95.112,92.9758
91.346,94.51357,94.423,92.84404
95.142,94.55791,89.651,92.64397
90.228,94.73997,93.77,92.87242
95.021,94.663895,89.701,93.11218
81.695,94.73036,91.932,93.109695
86.816,94.32653,82.446,93.47628
94.305,93.77463,92.64,93.502914
95.731,93.19528,94.644,93.82348
93.683,93.21697,88.349,93.66261
92.549,92.7627,91.346,93.7587
89.009,92.428986,95.142,94.28578
88.568,92.66721,90.228,94.068565
82.031,93.02621,95.021,93.997765
99.273,93.563065,81.695,94.00171
88.664,93.84016,86.816,93.49331
94.138,94.23819,94.305,93.31034
82.425,93.92484,95.731,92.39701
89.255,93.646225,93.683,92.08889
87.125,93.38023,92.549,92.751076
103.73,93.40996,89.009,93.2108
110.44,93.80965,88.568,93.46072
101.541,93.61875,82.031,93.426865
75.393,93.56128,99.273,93.277596
84.5,93.60042,88.664,93.23587
81.354,93.53759,94.138,92.86308
98.12,93.415565,82.425,93.32709
82.903,93.398766,89.255,93.23383
91.27,93.47034,87.125,93.43458
66.017,93.47341,103.73,93.26866
82.747,93.50446,110.44,92.895676
102.051,93.463425,101.541,92.71415
88.004,93.110825,75.393,93.83353
97.968,91.58885,84.5,94.43787
75.636,92.23668,81.354,94.27362
62.284,91.24872,98.12,93.65054
73.122,89.66782,82.903,92.68905
77.597,90.51357,91.27,94.86852
106.558,86.32872,66.017,92.87513
86.80211,85.66052,82.747,92.60245
90.125,85.76775,102.051,92.242546
84.755,85.28411,88.004,92.53248
89.908,85.728226,97.968,92.20932
72.979,86.37724,75.636,91.938446
121.375,86.72386,62.284,91.886
80.36,87.26201,73.122,89.59463
49.886,88.78367,77.597,88.60535
132.63,89.225975,106.558,86.615776
68.058,91.756905,86.80211,87.07958
95.073,92.58966,90.125,87.96905
103.009,94.4576,84.755,87.576096
97.364,95.56356,89.908,87.81972
107.364,96.12525,72.979,87.25534
93.689,96.89361,121.375,88.15301
93.961,96.66932,80.36,89.09944
86.347,96.281525,49.886,90.381805
97.393,95.92056,132.63,89.6548
98.004,95.57171,68.058,92.09675
91.439,94.48854,95.073,93.554245
87.052,94.93867,103.009,95.72141
86.231,95.06675,97.364,97.25759
87.726,94.46376,107.364,96.447205
97.832,92.56886,93.689,96.839516
84.911,92.634224,93.961,96.72684
84.543,93.040985,86.347,97.49174
92.582,93.58601,97.393,96.38692
90.201,94.298645,98.004,95.714584
89.736,95.02255,91.439,94.927826
93.013,95.72302,87.052,94.67558
85.555,95.70018,86.231,94.68959
91.485,95.40025,87.726,93.91655
83.476,95.43608,97.832,93.58811
89.21,95.32599,84.911,93.51987
90.943,95.063965,84.543,93.49594
90.288,94.91817,92.582,93.85501
97.302,94.12747,90.201,93.10439
96.206,94.11778,89.736,92.74725
91.396,94.3166,93.013,93.33501
88.851,93.94072,85.555,93.449326
95.724,93.939316,91.485,93.55896
92.069,94.13041,83.476,93.72905
89.228,93.7488,89.21,93.39475
89.151,94.15482,90.943,93.91541
85.026,93.74392,90.288,93.403564
92.738,94.098976,97.302,93.54228
86.975,94.05255,96.206,93.5636
84.539,93.98708,91.396,93.375145
87.503,94.14846,88.851,93.55315
88.009,94.00016,95.724,93.40175
88.484,93.97477,92.069,93.41261
84.773,94.145035,89.228,93.34479
86.98,94.27832,89.151,93.44086
84.754,94.33107,85.026,93.22782
86.551,94.34257,92.738,93.18499
96.997,94.51574,86.975,93.06119
92.758,94.74646,84.539,93.08687
91.497,94.94447,87.503,93.26628
87.45,94.69681,88.009,93.045
93.151,94.84776,88.484,92.96376
87.942,94.89993,84.773,92.87279
94.652,94.629166,86.98,92.63886
93.004,94.22046,84.754,92.69271
88.179,93.72074,86.551,92.69294
91.881,93.11611,96.997,92.78647
95.656,92.55071,92.758,92.69359
93.554,91.92108,91.497,92.68854
94.182,91.72058,87.45,93.32467
101.533,91.85861,93.151,93.50721
100.589,92.03343,87.942,93.263985
89.642,92.47779,94.652,92.82639
91.692,92.84594,93.004,92.81856
89.319,93.2307,88.179,92.64021
97.161,93.71662,91.881,92.79773
98.997,94.38874,95.656,93.115234
102.657,94.456665,93.554,92.7568
88.41,94.09555,94.182,92.86628
103.73,93.67436,101.533,93.14518
93.735,93.57,100.589,93.2792
105.119,93.457886,89.642,93.338806
90.767,93.66105,91.692,93.844055
85.004,93.81473,89.319,94.14938
94.194,93.65105,97.161,93.76473
86.334,93.42617,98.997,93.57033
72.837,93.29739,102.657,93.18828
118.173,93.32448,88.41,93.55169
97.545,93.69196,103.73,94.1746
82.747,93.9013,93.735,94.509315
92.878,94.02868,105.119,94.15461
88.004,93.6494,90.767,94.12962
97.968,94.04425,85.004,94.16624
94.093,93.76878,94.194,94.29632
62.284,93.31843,86.334,94.14137
92.242,92.8849,72.837,92.91998
64.832,91.15181,118.173,94.5591
75.574,87.3881,97.545,93.65802
86.80211,86.87914,82.747,94.075356
90.125,86.15575,92.878,91.240906
88.146,85.226006,88.004,91.41104
84.619,86.059235,97.968,91.683525
72.979,87.18991,94.093,91.77764
77.244,87.62198,62.284,92.002014
53.519,88.38232,92.242,91.29448
111.647,89.1526,64.832,90.70957
93.145,90.21587,75.574,91.04995
106.406,93.06404,86.80211,89.41916
103.666,94.69415,90.125,87.79462
110.756,95.702644,88.146,87.689545
102.073,97.375565,84.619,88.02363
105.891,96.9666,72.979,88.378975
105.202,96.98886,77.244,88.36308
90.967,97.22416,53.519,89.807785
100.898,96.79323,111.647,91.824
93.093,96.77307,93.145,92.33838
86.871,95.733986,106.406,92.798065
91.808,96.92449,103.666,95.922264
94.233,95.82259,110.756,96.47014
93.793,94.241516,102.073,96.385445
83.887,93.34803,105.891,97.21363
93.499,93.40843,105.202,98.072586
94.908,93.31874,90.967,97.82605
101.459,93.361626,100.898,97.9104
97.593,94.19032,93.093,97.664795
88.831,94.64916,86.871,95.98466
91.914,94.732765,91.808,95.34845
80.258,94.95552,94.233,94.830505
95.893,95.11899,93.793,94.73267
93.827,95.194626,83.887,94.420586
99.199,95.11791,93.499,94.45077
102.679,95.14928,94.908,94.136086
95.942,94.754036,101.459,93.42373
94.047,94.83235,97.593,93.30947
101.172,94.65866,88.831,93.33295
100.949,94.82495,91.914,93.523926
91.145,94.9388,80.258,93.418465
93.824,94.61131,95.893,93.40947
89.466,94.77875,93.827,93.95428
95.23,94.41143,99.199,94.093704
99.195,94.81105,102.679,94.37795
91.098,94.410614,95.942,94.453285
89.638,94.84798,94.047,94.31695
96.088,94.888756,101.172,94.40076
92.191,94.597046,100.949,94.17311
87.202,94.49345,91.145,94.09563
80.323,94.91032,93.824,94.23297
93.808,95.06381,89.466,94.10766
103.743,94.550415,95.23,94.00727
102.206,94.41398,99.195,93.85566
97.013,94.57179,91.098,93.82803
89.366,94.80162,89.638,93.96976
85.346,94.89149,96.088,93.928535
99.021,94.950096,92.191,93.93465
97.47,94.87247,87.202,93.777855
100.537,95.1694,80.323,93.99118
86.079,95.39595,93.808,93.99623
90.761,95.42291,103.743,93.83404
100.572,95.48465,102.206,93.66088
91.13,94.97241,97.013,93.56549
92.799,94.310196,89.366,94.17521
95.424,94.41399,85.346,94.77444
79.789,94.07831,99.021,94.86812
90.048,93.55558,97.47,94.49195
84.186,93.37485,100.537,94.33159
93.313,92.89224,86.079,94.59978
94.574,92.692215,90.761,95.12195
93.605,92.92928,100.572,95.628685
89.24,93.19898,91.13,95.02774
95.808,93.234924,92.799,94.551674
94.824,93.88395,95.424,94.97512
83.012,94.55084,79.789,94.626884
75.432,94.77674,90.048,94.10274
92.633,95.062935,84.186,94.01188
103.538,94.279564,93.313,93.5378
98.408,93.66495,94.574,93.19203
91.637,93.57859,93.605,93.19966
99.751,93.51059,89.24,93.18103
96.988,93.80771,95.808,93.6889
92.153,93.9269,94.824,93.60765
60.865,93.84161,83.012,93.49599
96.788,93.46871,75.432,93.43945
61.415,93.56385,92.633,93.66397
68.88,93.37437,103.538,93.28394
81.354,92.763084,98.408,93.02099
100.813,93.09595,91.637,92.82579
86.483,92.718704,99.751,94.05556
94.178,93.64342,96.988,94.38607
94.211,93.62135,92.153,94.2162
119.878,93.35349,60.865,94.1363
89.82343,93.428185,96.788,94.13878
86.80211,94.297066,61.415,93.451996
90.979,90.1649,68.88,93.82251
75.574,88.43395,81.354,92.52855
86.80211,86.28838,100.813,92.38783
90.125,86.4063,86.483,92.58914
87.96558,86.624725,94.178,92.78383
99.605,86.06732,94.211,92.93946
72.979,86.258095,119.878,92.48859
86.61052,86.82006,89.82343,91.19361
53.519,87.933914,86.80211,90.13786
111.647,88.9171,90.979,88.25286
44.648,89.89123,75.574,87.71298
108.198,92.0356,86.80211,87.258896
96.361,93.11501,90.125,87.11015
99.834,94.50313,87.96558,88.00183
103.175,96.251175,99.605,88.63301
110.052,97.362076,72.979,89.82441
106.068,97.62994,86.61052,90.13202
98.942,97.36304,53.519,90.8065
86.192,97.72207,111.647,93.45781
97.56,97.241066,44.648,93.48701
92.861,97.19617,108.198,94.45765
88.513,97.502365,96.361,95.314606
95.375,94.80087,99.834,93.91524
85.573,96.01591,103.175,97.267746
84.512,93.94289,110.052,97.21674
89.727,92.555725,106.068,96.27744
93.414,93.45923,98.942,97.205765
101.781,93.33375,86.192,97.27549
98.528,93.7639,97.56,97.065094
100.307,94.23282,92.861,95.93358
96.256,94.69936,88.513,94.09172
95.684,94.56301,95.375,94.34949
90.416,94.97657,85.573,94.66406
92.968,94.756966,84.512,94.14248
91.71,94.763794,89.727,93.95692
90.057,94.91518,93.414,93.87644
96.168,94.647095,101.781,93.172516
96.57,94.59956,98.528,92.88623
91.5,94.42158,100.307,92.93968
101.243,94.50261,96.256,93.54606
89.47,94.65575,95.684,93.615654
92.956,94.67055,90.416,94.079636
91.359,94.524925,92.968,94.27344
89.98,94.493065,91.71,94.43836
98.991,94.36646,90.057,94.44572
89.328,94.51563,96.168,94.60664
75.064,94.56517,96.57,94.514786
88.837,94.39391,91.5,94.4044
92.66,94.36241,101.243,94.32793
93.249,94.10368,89.47,94.07823
82.331,94.089874,92.956,93.906456
82.616,93.999466,91.359,93.99159
92.605,93.89403,89.98,93.60757
87.76,94.02871,98.991,93.77295
88.21,94.1116,89.328,93.66483
88.426,94.22128,75.064,93.55393
87.264,94.689255,88.837,93.754196
89.583,94.437775,92.66,93.26158
92.808,94.810745,93.249,93.7158
99.142,94.93283,82.331,92.939125
90.8,94.49865,82.616,92.89918
88.612,94.71854,92.605,92.87905
83.879,94.407646,87.76,92.642006
87.535,94.65539,88.21,92.536446
94.876,94.7484,88.426,92.841
91.37,94.28629,87.264,92.71432
100.039,94.037025,89.583,92.85478
93.547,93.49667,92.808,92.7259
88.595,92.89395,99.142,92.567154
93.087,92.53848,90.8,92.68724
80.429,92.23671,88.612,92.9183
96.341,91.7473,83.879,93.4828
97.353,91.62384,87.535,93.399605
101.125,91.63732,94.876,93.11018
92.445,92.18785,91.37,92.93367
92.358,92.5613,100.039,92.9368
95.548,93.56381,93.547,93.18733
94.006,94.22721,88.595,93.09667
97.673,93.83688,93.087,93.27408
76.685,93.66342,80.429,93.37126
77.961,93.109795,96.341,92.95666
85.004,93.11138,97.353,92.89336
85.354,93.172844,101.125,92.499176
90.70779,93.13569,92.445,92.77063
64.765,93.212555,92.358,93.54314
75.861,93.47916,95.548,93.8752
72.175,93.54017,94.006,93.60596
80.521,93.39715,97.673,93.46413
98.555,93.60094,76.685,93.553825
70.627,93.54652,77.961,93.61993
85.984,93.636086,85.004,94.01212
89.82343,92.88135,85.354,93.88908
64.099,92.605225,90.70779,93.647675
119.878,93.210266,64.765,92.829
89.82343,93.65912,75.861,92.29933
86.80211,94.70362,72.175,92.74182
86.80211,90.800575,80.521,92.96807
103.035,85.54285,98.555,90.600174
86.80211,85.01727,70.627,89.93275
84.908,83.45426,85.984,88.26593
87.96558,83.981964,89.82343,89.8163
97.274,81.14007,64.099,87.320114
87.96558,81.45181,119.878,86.64459
86.61052,85.29644,89.82343,88.36827
79.074,83.70071,86.80211,86.21161
41.604,87.59073,86.80211,85.56091
107.942,88.842545,103.035,86.56316
111.17,91.62767,86.80211,86.63555
100.925,92.61459,84.908,87.56961
102.956,92.937515,87.96558,87.61442
95.945,93.683334,97.274,87.968315
90.674,95.396866,87.96558,88.61445
102.109,96.79422,86.61052,89.506775
105.99,97.16878,79.074,89.82624
99.152,97.13093,41.604,91.5378
87.905,96.71595,107.942,93.53387
100.289,96.94727,111.17,94.87128
98.057,97.74138,100.925,96.84439
90.631,96.74053,102.956,96.569695
87.958,94.57474,95.945,96.95186
80.032,93.694405,90.674,96.960464
98.902,93.97965,102.109,97.57202
94.352,93.69901,105.99,97.03577
96.653,93.48377,99.152,96.49632
101.484,93.81304,87.905,96.321655
102.92,94.94197,100.289,95.98547
84.657,94.87975,98.057,95.42498
96.13,94.729744,90.631,94.49422
89.147,94.61128,87.958,94.42207
85.338,95.16271,80.032,94.50885
96.334,95.07771,98.902,94.05722
96.312,95.077156,94.352,93.66165
97.388,94.99611,96.653,93.68979
91.353,95.42081,101.484,93.76865
77.831,94.93255,102.92,93.959526
81.16,94.91174,84.657,93.423294
99.466,95.13467,96.13,93.69472
91.234,95.08233,89.147,94.09934
95.569,94.48811,85.338,94.10296
93.902,94.623985,96.334,94.184456
91.598,94.65106,96.312,94.13892
88.023,94.69607,97.388,94.471886
85.126,94.81979,91.353,94.47064
94.253,94.35011,77.831,94.30829
97.019,94.41318,81.16,94.170204
96.061,93.97998,99.466,93.917694
83.888,94.06062,91.234,94.03552
95.446,94.217606,95.569,93.570045
94.235,94.00268,93.902,93.826324
91.639,93.45378,91.598,93.360954
96.733,93.7081,88.023,93.33557
90.919,93.77053,85.126,93.05688
86.455,94.07347,94.253,93.161415
85.518,94.21247,97.019,92.98172
97.097,94.36251,96.061,92.80009
92.329,94.719025,83.888,93.11181
95.31,94.84589,95.446,93.3961
87.046,95.022224,94.235,93.655975
93.12,94.79889,91.639,93.21613
88.865,95.006905,96.733,93.46757
96.705,94.68781,90.919,93.33149
89.911,94.36377,86.455,93.65936
85.718,93.89497,85.518,94.058975
95.239,93.706276,97.097,94.16462
94.302,93.40887,92.329,94.01083
92.995,93.2143,95.31,93.93358
88.485,92.76681,87.046,94.3531
104.557,92.72789,93.12,94.75074
94.155,92.84296,88.865,94.663315
92.875,93.378494,96.705,94.00973
85.757,93.54473,89.911,93.680504
84.592,94.05308,85.718,93.30672
105.357,94.376945,95.239,93.261215
107.007,94.76089,94.302,93.14247
98.945,94.081985,92.995,92.500145
85.981,93.53782,88.485,92.88238
82.626,93.3084,104.557,93.21817
93.713,93.3007,94.155,93.28344
85.004,93.25327,92.875,93.24415
